{
  "assetsByChunkName": {
    "vendors~app-account~app-confirmation~app-order": "chunk.71b4338a8ba2b09dcc15.js",
    "vendors~app-account~app-checkout": "chunk.03865a9e2adcdaee1943.js",
    "vendors~app-cart~app-checkout": "chunk.54316e7396a7b7b54dab.js",
    "admin": [
      "admin.bfd1f77dc894169f576f.js",
      "admin.bfd1f77dc894169f576f.js.map"
    ],
    "app-account": "chunk.9797d57a49ef88abdb06.js",
    "app-checkout": "chunk.effa0f5dff7a2b869669.js",
    "app-confirmation": "chunk.991c18c5baf7d1823ae6.js",
    "checkout": [
      "checkout.ad4d78ebc7467e178878.js",
      "checkout.ad4d78ebc7467e178878.js.map"
    ],
    "storefront": [
      "storefront.9de3e8e82ef573fa96db.css",
      "storefront.d7e8c672af24adfdcb6d.js",
      "storefront.9de3e8e82ef573fa96db.css.map",
      "storefront.d7e8c672af24adfdcb6d.js.map"
    ],
    "vendors~app-cart": "chunk.cba6822fa22650d7e53e.js",
    "vendors~app-order": "chunk.011b7b0798ad7f6bc20a.js"
  }
}