{
  "sections": [
    {
      "type": "breadcrumbs",
      "enabled": true
    },
    {
      "type": "page-title",
      "title": "Navegue por marcas"
    },
    {
      "type": "brands-carousel",
      "limit": 24,
      "offset": 0
    },
    {
      "type": "document-banner",
      "enabled": true
    },
    {
      "type": "category-retail",
      "enabled": true,
      "sort": "news"
    },
    {
      "type": "document-description",
      "enabled": true
    },
    {
      "type": "info-bar",
      "enabled": true
    }
  ]
}