{
  "description": {
    "title": "",
    "text": ""
  },
  "links_1": {
    "list_pages": false,
    "title": "Informações",
    "list": [
      {
        "text": "Acupuntura & Cia",
        "url": "https://acupunturaecia.com.br/pages/sobre-nos"
      },
      {
        "text": " Como Comprar",
        "url": "https://acupunturaecia.com.br/pages/faq"
      },
      {
        "text": " Formas de Envio",
        "url": "https://acupunturaecia.com.br/pages/entrega"
      },
      {
        "text": " Formas de Pagamento",
        "url": "https://acupunturaecia.com.br/pages/pagamentos"
      },
      {
        "text": " Segurança & Privacidade",
        "url": "https://acupunturaecia.com.br/pages/privacidade"
      },
      {
        "text": " Trocas & Devoluções",
        "url": "https://acupunturaecia.com.br/pages/trocas"
      }
    ]
  },
  "links_2": {
    "list_categories": false,
    "title": "Categorias",
    "list": []
  },
  "contacts": {
    "title": "Contatos",
    "phone_wpp": true,
    "socials": true,
    "email": true,
    "address": true
  },
  "stamps": [
    {
      "src": "/img/uploads/ssl-safe.png",
      "alt": "Secure connection"
    }
  ],
  "payment_methods": {
    "pix": true,
    "visa": true,
    "mastercard": true,
    "elo": true,
    "amex": false,
    "hipercard": false,
    "boleto": true,
    "mais": true
  },
  "credits": ""
}