{
  "marketing_stripe": {
    "text": "",
    "link": ""
  },
  "contacts_stripe": {
    "pages": [
      {
        "title": "Entrar | Cadastrar",
        "link": "https://acupunturaecia.com.br/app/#/account/"
      }
    ],
    "phone_wpp": true,
    "socials": true
  },
  "categories_list": {
    "featured": [
      "/acupuntura?Acupuntura",
      "/aparelhos?Aparelhos",
      "/aromaterapia?Aromaterapia",
      "/diversos?Diversos",
      "/estetica?Estética",
      "/macas?Macas",
      "/moxa?Moxa",
      "/radiestesia?Radiestesia",
      "/reflexoterapia?Reflexoterapia",
      "/ventosas?Ventosas"
    ],
    "random": 12,
    "full_width": true
  },
  "desktop_megamenu": false,
  "search_input": true,
  "alphabetical_order_submenu": true,
  "full_width_submenu": true
}