{
  "meta_title": "",
  "meta_description": "",
  "sections": [
    {
      "type": "banner-slider",
      "autoplay": 7000,
      "full_width": true,
      "slides": [
        {
          "start": "2023-10-23T14:49:07.924Z",
          "end": "",
          "img": "/img/uploads/dongyang-find-d.png",
          "mobile_img": "/img/uploads/dongyangm-m.png",
          "link": "https://acupunturaecia.com.br/dongyang"
        },
        {
          "start": "2023-10-16T21:17:43.390Z",
          "end": "",
          "img": "/img/uploads/aparelho-d.png",
          "mobile_img": "/img/uploads/aparelho-m.png",
          "link": "https://acupunturaecia.com.br/aparelhos"
        },
        {
          "start": "2023-10-16T21:17:37.998Z",
          "end": "",
          "img": "/img/uploads/moxas-d.png",
          "mobile_img": "/img/uploads/moxas-m.png",
          "link": "https://acupunturaecia.com.br/moxa"
        },
        {
          "start": "2023-10-16T21:17:32.142Z",
          "end": "",
          "img": "/img/uploads/stiper-d.png",
          "mobile_img": "/img/uploads/stiper-m.png",
          "link": "https://acupunturaecia.com.br/marca-stiper"
        },
        {
          "start": "2023-10-16T21:17:26.542Z",
          "end": "",
          "img": "/img/uploads/dong-d.png",
          "mobile_img": "/img/uploads/don-m.png",
          "link": "https://acupunturaecia.com.br/dongbang"
        },
        {
          "start": "2023-10-16T21:17:19.486Z",
          "end": "",
          "img": "/img/uploads/dragon-d.png",
          "mobile_img": "/img/uploads/dragon-m.png",
          "link": "https://acupunturaecia.com.br/dragon-marca-agulhas"
        }
      ]
    },
    {
      "type": "responsive-banner",
      "img": "/img/uploads/fachadanov1.png",
      "mobile_img": "/img/uploads/fachadamobile1.png"
    },
    {
      "type": "collection-shelf",
      "shuffle": false,
      "limit": 12,
      "page": 1,
      "collection_id": "653675942cd6b65959862bea:categories:Acupuntura:/acupuntura",
      "sort": "news",
      "title": "Tudo em Acupuntura",
      "link": "https://acupunturaecia.com.br/acupuntura"
    },
    {
      "type": "collection-shelf",
      "shuffle": false,
      "limit": 12,
      "page": 1,
      "sort": "news",
      "title": "Estética ",
      "collection_id": "653a73912cd6b659598b5d44:categories:Estética:/estetica",
      "link": "https://acupunturaecia.com.br/estetica"
    },
    {
      "type": "collection-shelf",
      "shuffle": false,
      "limit": 12,
      "page": 1,
      "collection_id": "653675ae2cd6b65959862c3e:categories:Aromaterapia:/aromaterapia",
      "sort": "views",
      "link": "https://acupunturaecia.com.br/aromaterapia"
    },
    {
      "type": "page-title",
      "title": "Navegue por marcas"
    },
    {
      "type": "brands-carousel",
      "limit": 24,
      "offset": 0,
      "sort": null,
      "autoplay": 0
    },
    {
      "type": "collection-shelf",
      "shuffle": false,
      "limit": 12,
      "page": 1,
      "sort": "news",
      "collection_id": "653675c42cd6b65959862c72:categories:Diversos:/diversos",
      "link": "https://acupunturaecia.com.br/diversos",
      "title": "Diversos da Loja , confira "
    },
    {
      "type": "custom-html",
      "html": "<h4 class=\"products-carousel__title\"><span>Destaques e Ofertas do Mês</span></h4>"
    },
    {
      "type": "dynamic-showcase",
      "load_more": false,
      "sort": "news"
    },
    {
      "type": "info-bar",
      "enabled": true
    }
  ]
}