{
  "shipping": {
    "show": true,
    "text": "para Todo Brasil",
    "title": "Envio Rápido e Seguro",
    "link": "https://acupunturaecia.com.br/pages/entrega"
  },
  "installments": {
    "show": true,
    "text": "parcele em até 3x sem juros no cartão",
    "title": "5% de desconto no PIX ou ",
    "link": "https://acupunturaecia.com.br/pages/pagamentos"
  },
  "exchange": {
    "show": false,
    "text": "Não gostou? A primeira troca é gratuita"
  },
  "promo": {
    "show": false,
    "text": "Diferentes promoções ao longo do ano!"
  }
}